codon,count,frequency
---,6682,0.32303601643703167
GAG,646,0.031230360164370318
CTG,552,0.02668600435097897
CCC,505,0.024413826444283297
CCT,497,0.024027072758037227
AAG,485,0.023446942228668118
TCC,484,0.023398598017887358
ATG,420,0.02030456852791878
GCC,400,0.0193376843123036
CAG,397,0.019192651679961325
GAA,371,0.01793570219966159
GTG,369,0.01783901377810007
GAT,356,0.017210539037950206
GAC,352,0.01701716219482717
AAC,350,0.01692047377326565
CCA,329,0.015905245346869712
ACC,317,0.015325114817500604
GGG,300,0.014503263234227702
AGC,297,0.014358230601885425
CGC,273,0.013197969543147208
ATC,261,0.0126178390137781
TTC,261,0.0126178390137781
ACA,258,0.012472806381435823
TCT,250,0.012086052695189751
AAA,242,0.011699299008943679
TGC,237,0.011457577955039884
TCA,227,0.010974135847232294
CAC,225,0.010877447425670777
GGC,224,0.010829103214890017
TAC,211,0.01020062847474015
GCT,198,0.009572153734590283
CAT,198,0.009572153734590283
TTG,169,0.008170171621948271
CGT,169,0.008170171621948271
CCG,168,0.008121827411167513
TGT,163,0.007880106357263718
TTT,163,0.007880106357263718
GCA,161,0.0077834179357022
CGA,155,0.007493352671017646
GGA,154,0.007445008460236886
AAT,151,0.00729997582789461
AGT,150,0.007251631617113851
ACT,149,0.007203287406333091
CTT,144,0.0069615663524292964
TGG,139,0.0067198452985255015
GGT,137,0.006623156876963984
GTC,135,0.006526468455402465
CTC,131,0.006333091612279429
GTT,129,0.006236403190717912
CGG,120,0.005801305293691081
AGA,118,0.005704616872129562
TAT,114,0.005511240029006526
AGG,107,0.0051728305535412135
CAA,102,0.004931109499637419
CTA,99,0.004786076867295141
ACG,78,0.0037708484408992024
GCG,68,0.003287406333091612
ATT,54,0.002610587382160986
TTA,33,0.001595358955765047
TCG,31,0.0014986705342035292
GTA,13,0.000628474740149867
ATA,7,0.00033840947546531303
