codon,aa,count,aa_total,n_syn,rscu
GCA,A,161,827,4,0.7787182587666264
GCC,A,400,827,4,1.9347037484885128
GCG,A,68,827,4,0.32889963724304716
GCT,A,198,827,4,0.9576783555018138
TGC,C,237,400,2,1.185
TGT,C,163,400,2,0.815
GAC,D,352,708,2,0.9943502824858758
GAT,D,356,708,2,1.0056497175141244
GAA,E,371,1017,2,0.7295968534906588
GAG,E,646,1017,2,1.2704031465093413
TTC,F,261,424,2,1.2311320754716981
TTT,F,163,424,2,0.7688679245283019
GGA,G,154,815,4,0.7558282208588957
GGC,G,224,815,4,1.0993865030674848
GGG,G,300,815,4,1.4723926380368098
GGT,G,137,815,4,0.6723926380368098
CAC,H,225,423,2,1.0638297872340425
CAT,H,198,423,2,0.9361702127659575
ATA,I,7,322,3,0.06521739130434782
ATC,I,261,322,3,2.4316770186335406
ATT,I,54,322,3,0.5031055900621119
AAA,K,242,727,2,0.6657496561210454
AAG,K,485,727,2,1.3342503438789546
CTA,L,99,1128,6,0.526595744680851
CTC,L,131,1128,6,0.6968085106382979
CTG,L,552,1128,6,2.9361702127659575
CTT,L,144,1128,6,0.7659574468085106
TTA,L,33,1128,6,0.17553191489361702
TTG,L,169,1128,6,0.898936170212766
ATG,M,420,420,1,1.0
AAC,N,350,501,2,1.3972055888223553
AAT,N,151,501,2,0.6027944111776448
CCA,P,329,1499,4,0.8779186124082722
CCC,P,505,1499,4,1.3475650433622415
CCG,P,168,1499,4,0.4482988659106071
CCT,P,497,1499,4,1.3262174783188792
CAA,Q,102,499,2,0.4088176352705411
CAG,Q,397,499,2,1.591182364729459
AGA,R,118,942,6,0.7515923566878981
AGG,R,107,942,6,0.6815286624203821
CGA,R,155,942,6,0.9872611464968153
CGC,R,273,942,6,1.7388535031847134
CGG,R,120,942,6,0.7643312101910829
CGT,R,169,942,6,1.0764331210191083
AGC,S,297,1439,6,1.2383599722029186
AGT,S,150,1439,6,0.6254343293954134
TCA,S,227,1439,6,0.946490618485059
TCC,S,484,1439,6,2.0180681028492007
TCG,S,31,1439,6,0.1292564280750521
TCT,S,250,1439,6,1.0423905489923557
ACA,T,258,802,4,1.286783042394015
ACC,T,317,802,4,1.5810473815461346
ACG,T,78,802,4,0.38902743142144636
ACT,T,149,802,4,0.743142144638404
GTA,V,13,646,4,0.0804953560371517
GTC,V,135,646,4,0.8359133126934984
GTG,V,369,646,4,2.2848297213622293
GTT,V,129,646,4,0.7987616099071208
TGG,W,139,139,1,1.0
TAC,Y,211,325,2,1.2984615384615386
TAT,Y,114,325,2,0.7015384615384616
